param,covariate,coef,exp(coef),se(coef),coef lower 95%,coef upper 95%,exp(coef) lower 95%,exp(coef) upper 95%,cmp to,z,p,-log2(p)
alpha_,custcare_Mean,-0.006597687245209713,0.9934240297064838,0.0009868604175487699,-0.008531898121373461,-0.0046634763690459645,0.9915043952309969,0.9953473807530087,0.0,-6.6855323487363005,2.3008668691972597e-11,35.33903153377804
alpha_,drop_vce_Mean,-0.0016964090203114872,0.9983050290681602,0.0005987132524638103,-0.0028698654322073924,-0.0005229526084155822,0.9971342486949872,0.9994771841074668,0.0,-2.8334248713060313,0.0046052131709323095,7.762516345820196
alpha_,mou_Mean,1.991718807336315e-05,1.000019917386422,1.3568203045876397e-05,-6.676001231481251e-06,4.6510377378207555e-05,0.999993324021053,1.0000465114590027,0.0,1.4679311627353864,0.14212292232501542,2.8147888361712914
alpha_,ovrmou_Mean,-0.0035693641933847615,0.9964369984145816,0.0001405062022836926,-0.0038447512894652985,-0.0032939770973042246,0.9961626303036136,0.9967114420933916,0.0,-25.403605928925092,2.3008072075666808e-142,470.51164937368566
alpha_,rev_Mean,0.010371005440347282,1.0104249707139736,0.0003743108977162322,0.009637369561802611,0.011104641318891953,1.0096839585526702,1.0111665267078482,0.0,27.706928928929067,5.761242031611711e-169,558.879468168796
alpha_,totmrc_Mean,-0.009908645831695604,0.990140283059708,0.0003668424521553779,-0.010627643825920503,-0.009189647837470704,0.9894286300513875,0.9908524479291057,0.0,-27.01063024052284,1.108662166350681e-160,531.3596753702947
alpha_,Intercept,3.213414719071734,24.86384447334428,0.006598818313005297,3.2004812728377203,3.2263481653057475,24.54433987914541,25.187508201022265,0.0,486.9682065254877,0.0,inf
beta_,Intercept,1.1365054052853152,3.115860647110694,0.004829788638678449,1.1270391935005646,1.1459716170700658,3.0865044157005292,3.1454960902784137,0.0,235.31162340807762,0.0,inf
